curve,time_min,value
Flusso_kg_min,0.0,0.0
Flusso_kg_min,0.0234,0.0105
Flusso_kg_min,0.0468,0.0211
Flusso_kg_min,0.0937,0.0421
Flusso_kg_min,0.1171,0.0526
Flusso_kg_min,0.1639,0.0632
Flusso_kg_min,0.1874,0.0632
Flusso_kg_min,0.2108,0.0632
Flusso_kg_min,0.2576,0.0947
Flusso_kg_min,0.281,0.1263
Flusso_kg_min,0.3279,0.1895
Flusso_kg_min,0.3513,0.1895
Flusso_kg_min,0.3981,0.2842
Flusso_kg_min,0.4215,0.3158
Flusso_kg_min,0.445,0.3789
Flusso_kg_min,0.4918,0.4105
Flusso_kg_min,0.5152,0.4421
Flusso_kg_min,0.5621,0.4737
Flusso_kg_min,0.5855,0.4737
Flusso_kg_min,0.6323,0.4737
Flusso_kg_min,0.6557,0.5053
Flusso_kg_min,0.6792,0.5684
Flusso_kg_min,0.726,0.6
Flusso_kg_min,0.7494,0.6
Flusso_kg_min,0.7963,0.6632
Flusso_kg_min,0.8197,0.6632
Flusso_kg_min,0.8665,0.8211
Flusso_kg_min,0.8899,0.8526
Flusso_kg_min,0.9133,0.8526
Flusso_kg_min,0.9602,0.9474
Flusso_kg_min,0.9836,0.9789
Flusso_kg_min,1.0304,1.0737
Flusso_kg_min,1.0539,1.1368
Flusso_kg_min,1.1007,1.2316
Flusso_kg_min,1.1241,1.2947
Flusso_kg_min,1.1475,1.3263
Flusso_kg_min,1.1944,1.4842
Flusso_kg_min,1.2178,1.5474
Flusso_kg_min,1.2646,1.6421
Flusso_kg_min,1.2881,1.7053
Flusso_kg_min,1.3349,1.8316
Flusso_kg_min,1.3583,1.9263
Flusso_kg_min,1.3817,1.9579
Flusso_kg_min,1.4286,2.1158
Flusso_kg_min,1.452,2.1789
Flusso_kg_min,1.4988,2.3368
Flusso_kg_min,1.5222,2.4
Flusso_kg_min,1.5691,2.5579
Flusso_kg_min,1.5925,2.6526
Flusso_kg_min,1.6159,2.7158
Flusso_kg_min,1.6628,2.9053
Flusso_kg_min,1.6862,3.0
Flusso_kg_min,1.733,3.1579
Flusso_kg_min,1.7564,3.2526
Flusso_kg_min,1.8033,3.4421
Flusso_kg_min,1.8267,3.5053
Flusso_kg_min,1.8501,3.6
Flusso_kg_min,1.897,3.7579
Flusso_kg_min,1.9204,3.8842
Flusso_kg_min,1.9672,4.0105
Flusso_kg_min,1.9906,4.1053
Flusso_kg_min,2.0375,4.3579
Flusso_kg_min,2.0609,4.4211
Flusso_kg_min,2.0843,4.5158
Flusso_kg_min,2.1311,4.6737
Flusso_kg_min,2.1546,4.7684
Flusso_kg_min,2.2014,4.9579
Flusso_kg_min,2.2248,5.0211
Flusso_kg_min,2.2717,5.1789
Flusso_kg_min,2.2951,5.2737
Flusso_kg_min,2.3185,5.3684
Flusso_kg_min,2.3653,5.5263
Flusso_kg_min,2.3888,5.5895
Flusso_kg_min,2.4356,5.7474
Flusso_kg_min,2.459,5.7789
Flusso_kg_min,2.5059,5.9053
Flusso_kg_min,2.5293,5.9684
Flusso_kg_min,2.5527,6.0632
Flusso_kg_min,2.5995,6.1579
Flusso_kg_min,2.623,6.2211
Flusso_kg_min,2.6698,6.3158
Flusso_kg_min,2.6932,6.3789
Flusso_kg_min,2.74,6.4105
Flusso_kg_min,2.7635,6.4421
Flusso_kg_min,2.7869,6.4737
Flusso_kg_min,2.8337,6.6
Flusso_kg_min,2.8571,6.6
Flusso_kg_min,2.904,6.6
Flusso_kg_min,2.9274,6.6632
Flusso_kg_min,2.9742,6.6947
Flusso_kg_min,2.9977,6.6947
Flusso_kg_min,3.0211,6.6947
Flusso_kg_min,3.0679,6.6632
Flusso_kg_min,3.0913,6.6632
Flusso_kg_min,3.1382,6.6632
Flusso_kg_min,3.1616,6.6316
Flusso_kg_min,3.2084,6.5684
Flusso_kg_min,3.2319,6.5368
Flusso_kg_min,3.2553,6.5053
Flusso_kg_min,3.3021,6.4105
Flusso_kg_min,3.3255,6.4105
Flusso_kg_min,3.3724,6.3158
Flusso_kg_min,3.3958,6.2526
Flusso_kg_min,3.4426,6.1579
Flusso_kg_min,3.466,6.0947
Flusso_kg_min,3.4895,6.0316
Flusso_kg_min,3.5363,5.9053
Flusso_kg_min,3.5597,5.8421
Flusso_kg_min,3.6066,5.7158
Flusso_kg_min,3.63,5.6526
Flusso_kg_min,3.6768,5.4947
Flusso_kg_min,3.7002,5.4
Flusso_kg_min,3.7237,5.3053
Flusso_kg_min,3.7705,5.1474
Flusso_kg_min,3.7939,5.0526
Flusso_kg_min,3.8407,4.8947
Flusso_kg_min,3.8642,4.8316
Flusso_kg_min,3.911,4.7053
Flusso_kg_min,3.9344,4.6105
Flusso_kg_min,3.9578,4.5789
Flusso_kg_min,4.0047,4.3579
Flusso_kg_min,4.0281,4.2316
Flusso_kg_min,4.0749,4.0421
Flusso_kg_min,4.0984,3.9789
Flusso_kg_min,4.1452,3.7579
Flusso_kg_min,4.1686,3.6316
Flusso_kg_min,4.192,3.5368
Flusso_kg_min,4.2389,3.5053
Flusso_kg_min,4.2623,3.5368
Flusso_kg_min,4.3091,3.5684
Flusso_kg_min,4.3326,3.5684
Flusso_kg_min,4.3794,3.5368
Flusso_kg_min,4.4028,3.5684
Flusso_kg_min,4.4262,3.6
Flusso_kg_min,4.4731,3.6
Flusso_kg_min,4.4965,3.6316
Flusso_kg_min,4.5433,3.6947
Flusso_kg_min,4.5667,3.7263
Flusso_kg_min,4.6136,3.7263
Flusso_kg_min,4.637,3.7263
Flusso_kg_min,4.6604,3.7263
Flusso_kg_min,4.7073,3.7263
Flusso_kg_min,4.7307,3.7263
Flusso_kg_min,4.7775,3.8211
Flusso_kg_min,4.8009,3.8526
Flusso_kg_min,4.8478,3.8526
Flusso_kg_min,4.8712,3.8211
Flusso_kg_min,4.8946,3.8211
Flusso_kg_min,4.9415,3.8211
Flusso_kg_min,4.9649,3.8526
Flusso_kg_min,5.0117,3.9158
Flusso_kg_min,5.0351,3.9158
Flusso_kg_min,5.082,3.9158
Flusso_kg_min,5.1054,3.9158
Flusso_kg_min,5.1288,3.9474
Flusso_kg_min,5.1756,3.9474
Flusso_kg_min,5.1991,3.9158
Flusso_kg_min,5.2459,3.9158
Flusso_kg_min,5.2693,3.9158
Flusso_kg_min,5.3162,4.0105
Flusso_kg_min,5.3396,4.0105
Flusso_kg_min,5.363,3.9789
Flusso_kg_min,5.4098,3.9789
Flusso_kg_min,5.4333,3.9789
Flusso_kg_min,5.4801,3.9474
Flusso_kg_min,5.5035,3.9789
Flusso_kg_min,5.5504,3.9789
Flusso_kg_min,5.5738,3.9789
Flusso_kg_min,5.5972,3.9474
Flusso_kg_min,5.644,3.9789
Flusso_kg_min,5.6674,3.9789
Flusso_kg_min,5.7143,3.9474
Flusso_kg_min,5.7377,3.9474
Flusso_kg_min,5.7845,3.9158
Flusso_kg_min,5.808,3.9158
Flusso_kg_min,5.8314,3.8842
Flusso_kg_min,5.8782,3.8842
Flusso_kg_min,5.9016,3.8842
Flusso_kg_min,5.9485,3.8526
Flusso_kg_min,5.9719,3.8211
Flusso_kg_min,6.0187,3.8211
Flusso_kg_min,6.0422,3.8211
Flusso_kg_min,6.0656,3.8211
Flusso_kg_min,6.1124,3.8211
Flusso_kg_min,6.1358,3.7895
Flusso_kg_min,6.1827,3.7579
Flusso_kg_min,6.2061,3.7579
Flusso_kg_min,6.2529,3.7579
Flusso_kg_min,6.2763,3.7579
Flusso_kg_min,6.2998,3.7263
Flusso_kg_min,6.3466,3.7263
Flusso_kg_min,6.37,3.7263
Flusso_kg_min,6.4169,3.6947
Flusso_kg_min,6.4403,3.6632
Flusso_kg_min,6.4871,3.6316
Flusso_kg_min,6.5105,3.6
Flusso_kg_min,6.534,3.6
Flusso_kg_min,6.5808,3.5684
Flusso_kg_min,6.6042,3.5368
Flusso_kg_min,6.6511,3.5053
Flusso_kg_min,6.6745,3.5053
Flusso_kg_min,6.7213,3.4421
Flusso_kg_min,6.7447,3.4105
Flusso_kg_min,6.7681,3.3789
Flusso_kg_min,6.815,3.3474
Flusso_kg_min,6.8384,3.3474
Flusso_kg_min,6.8852,3.3158
Flusso_kg_min,6.9087,3.3158
Flusso_kg_min,6.9555,3.2526
Flusso_kg_min,6.9789,3.2211
Flusso_kg_min,7.0023,3.2211
Flusso_kg_min,7.0492,3.1895
Flusso_kg_min,7.0726,3.0947
Flusso_kg_min,7.1194,2.7474
Flusso_kg_min,7.1429,2.5895
Flusso_kg_min,7.1897,2.1474
Flusso_kg_min,7.2131,1.9579
Flusso_kg_min,7.2365,1.7368
Flusso_kg_min,7.2834,1.3579
Flusso_kg_min,7.3068,1.1684
Flusso_kg_min,7.3536,0.7895
Flusso_kg_min,7.377,0.6316
Flusso_kg_min,7.4239,0.2842
Flusso_kg_min,7.4473,0.1895
Flusso_kg_min,7.4707,0.0947
Flusso_kg_min,7.5176,0.093
Flusso_kg_min,7.541,0.0921
Flusso_kg_min,7.5878,0.0904
Flusso_kg_min,7.6112,0.0895
Flusso_kg_min,7.6581,0.0877
Flusso_kg_min,7.6815,0.0868
Flusso_kg_min,7.7049,0.086
Flusso_kg_min,7.7518,0.0842
Flusso_kg_min,7.7752,0.0833
Flusso_kg_min,7.822,0.0816
Flusso_kg_min,7.8454,0.0807
Flusso_kg_min,7.8923,0.0789
Flusso_kg_min,7.9157,0.0781
Flusso_kg_min,7.9391,0.0772
Flusso_kg_min,7.9859,0.0754
Flusso_kg_min,8.0094,0.0746
Flusso_kg_min,8.0562,0.0728
Flusso_kg_min,8.0796,0.0719
Flusso_kg_min,8.1265,0.0702
Flusso_kg_min,8.1499,0.0693
Flusso_kg_min,8.1733,0.0684
Flusso_kg_min,8.2201,0.0667
Flusso_kg_min,8.2436,0.0658
Flusso_kg_min,8.2904,0.064
Flusso_kg_min,8.3138,0.0632
Flusso_kg_min,8.3607,0.0614
Flusso_kg_min,8.3841,0.0605
Flusso_kg_min,8.4075,0.0596
Flusso_kg_min,8.4543,0.0579
Flusso_kg_min,8.4778,0.057
Flusso_kg_min,8.5246,0.0553
Flusso_kg_min,8.548,0.0544
Flusso_kg_min,8.5948,0.0526
Flusso_kg_min,8.6183,0.0518
Flusso_kg_min,8.6417,0.0509
Flusso_kg_min,8.6885,0.0491
Flusso_kg_min,8.7119,0.0482
Flusso_kg_min,8.7588,0.0465
Flusso_kg_min,8.7822,0.0456
Flusso_kg_min,8.829,0.0439
Flusso_kg_min,8.8525,0.043
Flusso_kg_min,8.8759,0.0421
Flusso_kg_min,8.9227,0.0404
Flusso_kg_min,8.9461,0.0395
Flusso_kg_min,8.993,0.0377
Flusso_kg_min,9.0164,0.0368
Flusso_kg_min,9.0632,0.0351
Flusso_kg_min,9.0867,0.0342
Flusso_kg_min,9.1101,0.0333
Flusso_kg_min,9.1569,0.0316
Flusso_kg_min,9.1803,0.0307
Flusso_kg_min,9.2272,0.0289
Flusso_kg_min,9.2506,0.0281
Flusso_kg_min,9.2974,0.0263
Flusso_kg_min,9.3208,0.0254
Flusso_kg_min,9.3443,0.0246
Flusso_kg_min,9.3911,0.0228
Flusso_kg_min,9.4145,0.0219
Flusso_kg_min,9.4614,0.0202
Flusso_kg_min,9.4848,0.0193
Flusso_kg_min,9.5316,0.0175
Flusso_kg_min,9.555,0.0167
Flusso_kg_min,9.5785,0.0158
Flusso_kg_min,9.6253,0.014
Flusso_kg_min,9.6487,0.0132
Flusso_kg_min,9.6956,0.0114
Flusso_kg_min,9.719,0.0105
Flusso_kg_min,9.7658,0.0088
Flusso_kg_min,9.7892,0.0079
Flusso_kg_min,9.8126,0.007
Flusso_kg_min,9.8595,0.0053
Flusso_kg_min,9.8829,0.0044
Flusso_kg_min,9.9297,0.0026
Flusso_kg_min,9.9532,0.0018
Flusso_kg_min,10.0,0.0
Pressione_assoluta_0.1bar,0.0,0.0
Pressione_assoluta_0.1bar,0.0234,0.0474
Pressione_assoluta_0.1bar,0.0468,0.0947
Pressione_assoluta_0.1bar,0.0937,0.1895
Pressione_assoluta_0.1bar,0.1171,0.4105
Pressione_assoluta_0.1bar,0.1639,0.9158
Pressione_assoluta_0.1bar,0.1874,1.3895
Pressione_assoluta_0.1bar,0.2108,1.6421
Pressione_assoluta_0.1bar,0.2576,2.3684
Pressione_assoluta_0.1bar,0.281,2.5895
Pressione_assoluta_0.1bar,0.3279,3.2842
Pressione_assoluta_0.1bar,0.3513,3.4737
Pressione_assoluta_0.1bar,0.3981,4.1368
Pressione_assoluta_0.1bar,0.4215,4.4842
Pressione_assoluta_0.1bar,0.445,4.8316
Pressione_assoluta_0.1bar,0.4918,5.4947
Pressione_assoluta_0.1bar,0.5152,5.8421
Pressione_assoluta_0.1bar,0.5621,6.4421
Pressione_assoluta_0.1bar,0.5855,6.6947
Pressione_assoluta_0.1bar,0.6323,7.1053
Pressione_assoluta_0.1bar,0.6557,7.1684
Pressione_assoluta_0.1bar,0.6792,7.1684
Pressione_assoluta_0.1bar,0.726,7.2
Pressione_assoluta_0.1bar,0.7494,7.2316
Pressione_assoluta_0.1bar,0.7963,7.1684
Pressione_assoluta_0.1bar,0.8197,7.0737
Pressione_assoluta_0.1bar,0.8431,7.0421
Pressione_assoluta_0.1bar,0.8899,7.0737
Pressione_assoluta_0.1bar,0.9133,7.1053
Pressione_assoluta_0.1bar,0.9602,7.1684
Pressione_assoluta_0.1bar,0.9836,7.1368
Pressione_assoluta_0.1bar,1.0304,7.1053
Pressione_assoluta_0.1bar,1.0539,7.1053
Pressione_assoluta_0.1bar,1.0773,7.2
Pressione_assoluta_0.1bar,1.1241,7.2316
Pressione_assoluta_0.1bar,1.1475,7.2316
Pressione_assoluta_0.1bar,1.1944,7.2
Pressione_assoluta_0.1bar,1.2178,7.2
Pressione_assoluta_0.1bar,1.2646,7.2
Pressione_assoluta_0.1bar,1.2881,7.1684
Pressione_assoluta_0.1bar,1.3115,7.1053
Pressione_assoluta_0.1bar,1.3583,7.0737
Pressione_assoluta_0.1bar,1.3817,7.0737
Pressione_assoluta_0.1bar,1.4286,7.1368
Pressione_assoluta_0.1bar,1.452,7.1368
Pressione_assoluta_0.1bar,1.4754,7.1368
Pressione_assoluta_0.1bar,1.5222,7.0105
Pressione_assoluta_0.1bar,1.5457,7.0105
Pressione_assoluta_0.1bar,1.5925,7.1684
Pressione_assoluta_0.1bar,1.6159,7.1684
Pressione_assoluta_0.1bar,1.6628,7.1368
Pressione_assoluta_0.1bar,1.6862,7.1053
Pressione_assoluta_0.1bar,1.7096,7.0737
Pressione_assoluta_0.1bar,1.7564,7.1368
Pressione_assoluta_0.1bar,1.7799,7.1368
Pressione_assoluta_0.1bar,1.8267,7.2
Pressione_assoluta_0.1bar,1.8501,7.2
Pressione_assoluta_0.1bar,1.897,7.1053
Pressione_assoluta_0.1bar,1.9204,7.1053
Pressione_assoluta_0.1bar,1.9438,7.1053
Pressione_assoluta_0.1bar,1.9906,7.1368
Pressione_assoluta_0.1bar,2.0141,7.1684
Pressione_assoluta_0.1bar,2.0609,7.1684
Pressione_assoluta_0.1bar,2.0843,7.1368
Pressione_assoluta_0.1bar,2.1077,7.2
Pressione_assoluta_0.1bar,2.1546,7.2
Pressione_assoluta_0.1bar,2.178,7.1684
Pressione_assoluta_0.1bar,2.2248,7.1368
Pressione_assoluta_0.1bar,2.2482,7.1368
Pressione_assoluta_0.1bar,2.2951,7.0737
Pressione_assoluta_0.1bar,2.3185,7.0737
Pressione_assoluta_0.1bar,2.3419,7.1368
Pressione_assoluta_0.1bar,2.3888,7.1684
Pressione_assoluta_0.1bar,2.4122,7.1684
Pressione_assoluta_0.1bar,2.459,7.1053
Pressione_assoluta_0.1bar,2.4824,7.1053
Pressione_assoluta_0.1bar,2.5293,7.1368
Pressione_assoluta_0.1bar,2.5527,7.1684
Pressione_assoluta_0.1bar,2.5761,7.1684
Pressione_assoluta_0.1bar,2.623,7.2
Pressione_assoluta_0.1bar,2.6464,7.2
Pressione_assoluta_0.1bar,2.6932,7.1684
Pressione_assoluta_0.1bar,2.7166,7.1368
Pressione_assoluta_0.1bar,2.74,7.1368
Pressione_assoluta_0.1bar,2.7869,7.2632
Pressione_assoluta_0.1bar,2.8103,7.2947
Pressione_assoluta_0.1bar,2.8571,7.1684
Pressione_assoluta_0.1bar,2.8806,7.1053
Pressione_assoluta_0.1bar,2.9274,7.0421
Pressione_assoluta_0.1bar,2.9508,7.0737
Pressione_assoluta_0.1bar,2.9742,7.1368
Pressione_assoluta_0.1bar,3.0211,7.2
Pressione_assoluta_0.1bar,3.0445,7.1684
Pressione_assoluta_0.1bar,3.0913,7.0105
Pressione_assoluta_0.1bar,3.1148,7.0105
Pressione_assoluta_0.1bar,3.1616,7.0421
Pressione_assoluta_0.1bar,3.185,7.0737
Pressione_assoluta_0.1bar,3.2084,7.0737
Pressione_assoluta_0.1bar,3.2553,7.0105
Pressione_assoluta_0.1bar,3.2787,7.0105
Pressione_assoluta_0.1bar,3.3255,7.1368
Pressione_assoluta_0.1bar,3.3489,7.1684
Pressione_assoluta_0.1bar,3.3724,7.1684
Pressione_assoluta_0.1bar,3.4192,7.1053
Pressione_assoluta_0.1bar,3.4426,7.1053
Pressione_assoluta_0.1bar,3.4895,7.1368
Pressione_assoluta_0.1bar,3.5129,7.1368
Pressione_assoluta_0.1bar,3.5597,7.0737
Pressione_assoluta_0.1bar,3.5831,7.0737
Pressione_assoluta_0.1bar,3.6066,7.0105
Pressione_assoluta_0.1bar,3.6534,7.0421
Pressione_assoluta_0.1bar,3.6768,7.1053
Pressione_assoluta_0.1bar,3.7237,7.1368
Pressione_assoluta_0.1bar,3.7471,7.1053
Pressione_assoluta_0.1bar,3.7939,7.0737
Pressione_assoluta_0.1bar,3.8173,7.0737
Pressione_assoluta_0.1bar,3.8407,7.1053
Pressione_assoluta_0.1bar,3.8876,7.1053
Pressione_assoluta_0.1bar,3.911,7.1053
Pressione_assoluta_0.1bar,3.9578,7.1368
Pressione_assoluta_0.1bar,3.9813,7.1368
Pressione_assoluta_0.1bar,4.0047,7.1368
Pressione_assoluta_0.1bar,4.0515,7.1684
Pressione_assoluta_0.1bar,4.0749,7.2316
Pressione_assoluta_0.1bar,4.1218,7.1053
Pressione_assoluta_0.1bar,4.1452,7.0737
Pressione_assoluta_0.1bar,4.192,7.1368
Pressione_assoluta_0.1bar,4.2155,7.1053
Pressione_assoluta_0.1bar,4.2389,7.0737
Pressione_assoluta_0.1bar,4.2857,7.0737
Pressione_assoluta_0.1bar,4.3091,7.1053
Pressione_assoluta_0.1bar,4.356,7.2316
Pressione_assoluta_0.1bar,4.3794,7.2
Pressione_assoluta_0.1bar,4.4262,7.1368
Pressione_assoluta_0.1bar,4.4496,7.0737
Pressione_assoluta_0.1bar,4.4731,7.0105
Pressione_assoluta_0.1bar,4.5199,6.9474
Pressione_assoluta_0.1bar,4.5433,6.9789
Pressione_assoluta_0.1bar,4.5902,7.1684
Pressione_assoluta_0.1bar,4.6136,7.1684
Pressione_assoluta_0.1bar,4.637,7.1368
Pressione_assoluta_0.1bar,4.6838,7.1053
Pressione_assoluta_0.1bar,4.7073,7.1053
Pressione_assoluta_0.1bar,4.7541,7.1368
Pressione_assoluta_0.1bar,4.7775,7.1368
Pressione_assoluta_0.1bar,4.8244,7.0737
Pressione_assoluta_0.1bar,4.8478,7.1053
Pressione_assoluta_0.1bar,4.8712,7.1684
Pressione_assoluta_0.1bar,4.918,7.1684
Pressione_assoluta_0.1bar,4.9415,7.2
Pressione_assoluta_0.1bar,4.9883,7.2632
Pressione_assoluta_0.1bar,5.0117,7.2632
Pressione_assoluta_0.1bar,5.0585,7.1368
Pressione_assoluta_0.1bar,5.082,7.1053
Pressione_assoluta_0.1bar,5.1054,7.1053
Pressione_assoluta_0.1bar,5.1522,7.1368
Pressione_assoluta_0.1bar,5.1756,7.1368
Pressione_assoluta_0.1bar,5.2225,7.1053
Pressione_assoluta_0.1bar,5.2459,7.1368
Pressione_assoluta_0.1bar,5.2927,7.2316
Pressione_assoluta_0.1bar,5.3162,7.2
Pressione_assoluta_0.1bar,5.3396,7.2
Pressione_assoluta_0.1bar,5.3864,7.1684
Pressione_assoluta_0.1bar,5.4098,7.1684
Pressione_assoluta_0.1bar,5.4567,7.1053
Pressione_assoluta_0.1bar,5.4801,7.1053
Pressione_assoluta_0.1bar,5.5035,7.1053
Pressione_assoluta_0.1bar,5.5504,7.0737
Pressione_assoluta_0.1bar,5.5738,7.0737
Pressione_assoluta_0.1bar,5.6206,7.1053
Pressione_assoluta_0.1bar,5.644,7.1053
Pressione_assoluta_0.1bar,5.6909,7.1053
Pressione_assoluta_0.1bar,5.7143,7.1368
Pressione_assoluta_0.1bar,5.7377,7.1368
Pressione_assoluta_0.1bar,5.7845,7.0737
Pressione_assoluta_0.1bar,5.808,7.0421
Pressione_assoluta_0.1bar,5.8548,7.0737
Pressione_assoluta_0.1bar,5.8782,7.1053
Pressione_assoluta_0.1bar,5.9251,7.1053
Pressione_assoluta_0.1bar,5.9485,7.0737
Pressione_assoluta_0.1bar,5.9719,7.0105
Pressione_assoluta_0.1bar,6.0187,7.0421
Pressione_assoluta_0.1bar,6.0422,7.1053
Pressione_assoluta_0.1bar,6.089,7.1368
Pressione_assoluta_0.1bar,6.1124,7.1368
Pressione_assoluta_0.1bar,6.1358,7.1684
Pressione_assoluta_0.1bar,6.1827,7.1053
Pressione_assoluta_0.1bar,6.2061,7.1053
Pressione_assoluta_0.1bar,6.2529,7.1684
Pressione_assoluta_0.1bar,6.2763,7.1684
Pressione_assoluta_0.1bar,6.3232,7.1053
Pressione_assoluta_0.1bar,6.3466,6.9158
Pressione_assoluta_0.1bar,6.37,6.7263
Pressione_assoluta_0.1bar,6.4169,6.3158
Pressione_assoluta_0.1bar,6.4403,6.0632
Pressione_assoluta_0.1bar,6.4871,5.6842
Pressione_assoluta_0.1bar,6.5105,5.4632
Pressione_assoluta_0.1bar,6.5574,4.9579
Pressione_assoluta_0.1bar,6.5808,4.8316
Pressione_assoluta_0.1bar,6.6042,4.5158
Pressione_assoluta_0.1bar,6.6511,4.1053
Pressione_assoluta_0.1bar,6.6745,3.8526
Pressione_assoluta_0.1bar,6.7213,3.3789
Pressione_assoluta_0.1bar,6.7447,3.1895
Pressione_assoluta_0.1bar,6.7681,2.9684
Pressione_assoluta_0.1bar,6.815,2.6211
Pressione_assoluta_0.1bar,6.8384,2.4632
Pressione_assoluta_0.1bar,6.8852,1.9895
Pressione_assoluta_0.1bar,6.9087,1.7368
Pressione_assoluta_0.1bar,6.9555,1.3263
Pressione_assoluta_0.1bar,6.9789,1.0421
Pressione_assoluta_0.1bar,7.0023,0.8842
Pressione_assoluta_0.1bar,7.0492,0.4421
Pressione_assoluta_0.1bar,7.0726,0.2526
Pressione_assoluta_0.1bar,7.1194,0.0632
Pressione_assoluta_0.1bar,7.1429,0.0632
Pressione_assoluta_0.1bar,7.1897,0.0632
Pressione_assoluta_0.1bar,7.2131,0.0632
Pressione_assoluta_0.1bar,7.2365,0.0632
Pressione_assoluta_0.1bar,7.2834,0.0568
Pressione_assoluta_0.1bar,7.3068,0.0537
Pressione_assoluta_0.1bar,7.3536,0.0474
Pressione_assoluta_0.1bar,7.377,0.0442
Pressione_assoluta_0.1bar,7.4005,0.0411
Pressione_assoluta_0.1bar,7.4473,0.0347
Pressione_assoluta_0.1bar,7.4707,0.0316
Pressione_assoluta_0.1bar,7.5176,0.0316
Pressione_assoluta_0.1bar,7.541,0.0316
Pressione_assoluta_0.1bar,7.5878,0.0316
Pressione_assoluta_0.1bar,7.6112,0.0316
Pressione_assoluta_0.1bar,7.6347,0.0632
Pressione_assoluta_0.1bar,7.6815,0.0632
Pressione_assoluta_0.1bar,7.7049,0.0632
Pressione_assoluta_0.1bar,7.7518,0.0316
Pressione_assoluta_0.1bar,7.7752,0.0316
Pressione_assoluta_0.1bar,7.822,0.0632
Pressione_assoluta_0.1bar,7.8454,0.0632
Pressione_assoluta_0.1bar,7.8689,0.0316
Pressione_assoluta_0.1bar,7.9157,0.0386
Pressione_assoluta_0.1bar,7.9391,0.0421
Pressione_assoluta_0.1bar,7.9859,0.0491
Pressione_assoluta_0.1bar,8.0094,0.0526
Pressione_assoluta_0.1bar,8.0328,0.0561
Pressione_assoluta_0.1bar,8.0796,0.0632
Pressione_assoluta_0.1bar,8.103,0.0632
Pressione_assoluta_0.1bar,8.1499,0.0316
Pressione_assoluta_0.1bar,8.1733,0.0316
Pressione_assoluta_0.1bar,8.2201,0.0316
Pressione_assoluta_0.1bar,8.2436,0.0316
Pressione_assoluta_0.1bar,8.267,0.0316
Pressione_assoluta_0.1bar,8.3138,0.0316
Pressione_assoluta_0.1bar,8.3372,0.0316
Pressione_assoluta_0.1bar,8.3841,0.0316
Pressione_assoluta_0.1bar,8.4075,0.0316
Pressione_assoluta_0.1bar,8.4543,0.0316
Pressione_assoluta_0.1bar,8.4778,0.0316
Pressione_assoluta_0.1bar,8.5012,0.0316
Pressione_assoluta_0.1bar,8.548,0.0316
Pressione_assoluta_0.1bar,8.5714,0.0316
Pressione_assoluta_0.1bar,8.6183,0.0316
Pressione_assoluta_0.1bar,8.6417,0.0316
Pressione_assoluta_0.1bar,8.6651,0.0316
Pressione_assoluta_0.1bar,8.7119,0.0316
Pressione_assoluta_0.1bar,8.7354,0.0316
Pressione_assoluta_0.1bar,8.7822,0.0316
Pressione_assoluta_0.1bar,8.8056,0.0316
Pressione_assoluta_0.1bar,8.8525,0.0316
Pressione_assoluta_0.1bar,8.8759,0.0316
Pressione_assoluta_0.1bar,8.8993,0.0316
Pressione_assoluta_0.1bar,8.9461,0.0316
Pressione_assoluta_0.1bar,8.9696,0.0316
Pressione_assoluta_0.1bar,9.0164,0.0316
Pressione_assoluta_0.1bar,9.0398,0.034
Pressione_assoluta_0.1bar,9.0867,0.0389
Pressione_assoluta_0.1bar,9.1101,0.0413
Pressione_assoluta_0.1bar,9.1335,0.0437
Pressione_assoluta_0.1bar,9.1803,0.0486
Pressione_assoluta_0.1bar,9.2037,0.051
Pressione_assoluta_0.1bar,9.2506,0.0559
Pressione_assoluta_0.1bar,9.274,0.0583
Pressione_assoluta_0.1bar,9.2974,0.0607
Pressione_assoluta_0.1bar,9.3443,0.0632
Pressione_assoluta_0.1bar,9.3677,0.0632
Pressione_assoluta_0.1bar,9.4145,0.0632
Pressione_assoluta_0.1bar,9.4379,0.0632
Pressione_assoluta_0.1bar,9.4848,0.0632
Pressione_assoluta_0.1bar,9.5082,0.0632
Pressione_assoluta_0.1bar,9.5316,0.0632
Pressione_assoluta_0.1bar,9.5785,0.0632
Pressione_assoluta_0.1bar,9.6019,0.0947
Pressione_assoluta_0.1bar,9.6487,0.0632
Pressione_assoluta_0.1bar,9.6721,0.0579
Pressione_assoluta_0.1bar,9.719,0.0474
Pressione_assoluta_0.1bar,9.7424,0.0421
Pressione_assoluta_0.1bar,9.7658,0.0368
Pressione_assoluta_0.1bar,9.8126,0.0316
Pressione_assoluta_0.1bar,9.8361,0.0316
Pressione_assoluta_0.1bar,9.8829,0.0316
Pressione_assoluta_0.1bar,9.9063,0.0316
Pressione_assoluta_0.1bar,9.9532,0.0316
